,Phylum,Order,Class,Family,Genus
F1_score,0.9985858821471266,0.998065914414283,0.9950384387361383,0.9913063338873176,0.8978725058557115
Precision,,,,,
Recall,,,,,
